noise_condition,dataset_type,k_features,feature_method,mean_accuracy,std_accuracy,selected_features_str
clean,mini,2,advanced_stats,1.0,,"R_min, B_min;B_min, B_p10;R_grad_mean, G_grad_mean"
clean,mini,2,hybrid,1.0,,"R_min, B_min;B_min, B_max;G_wst_std_34, G_wst_std_36"
clean,mini,2,wst,0.911111,0.163299,"R_wst_mean_52, R_wst_mean_69;G_wst_mean_15, G_wst_mean_39;R_wst_mean_43, G_wst_std_11"
clean,mini,5,advanced_stats,0.866667,0.153311,"R_min, R_iqr, R_mad, G_max, B_p10;R_min, R_mad, B_min, B_max, B_p25;R_var, R_mad, R_grad_mean, G_grad_mean, B_grad_mean"
clean,mini,5,hybrid,0.933333,0.148316,"R_min, R_mad, G_mad, B_min, B_p10;R_min, G_max, B_min, B_max, B_p10;R_wst_mean_42, R_wst_mean_45, R_wst_std_34, B_wst_std_37, B_wst_std_51"
clean,mini,5,wst,0.911111,0.163299,"R_wst_mean_62, R_wst_mean_68, R_wst_mean_71, G_wst_mean_65, G_wst_mean_71;R_wst_mean_2, R_wst_mean_15, R_wst_mean_70, G_wst_mean_70, B_wst_mean_0;R_wst_mean_36, G_wst_mean_28, G_wst_mean_29, G_wst_std_26, G_wst_std_35"
clean,mini,10,advanced_stats,0.866667,0.148316,"R_min, R_skew, R_iqr, R_mad, R_grad_mean, G_range, G_iqr, G_mad, G_grad_mean, B_min;R_min, R_max, R_iqr, G_max, G_range, G_iqr, G_mad, B_max, B_p10, B_p25;R_std, R_var, R_iqr, R_mad, R_grad_mean, G_grad_mean, B_var, B_iqr, B_mad, B_grad_mean"
clean,mini,10,hybrid,0.955556,0.163299,"R_iqr, G_mad, B_min, R_wst_mean_61, R_wst_mean_65, G_wst_mean_18, G_wst_mean_24, G_wst_mean_62, G_wst_mean_70, G_wst_mean_71;R_min, R_mad, G_min, G_max, G_range, G_iqr, B_min, B_max, B_p10, B_p25;R_wst_mean_3, R_wst_mean_36, R_wst_mean_42, R_wst_std_35, G_wst_mean_28, G_wst_std_27, G_wst_std_36, G_wst_std_37, G_wst_std_45, B_wst_std_37"
clean,mini,10,wst,0.911111,0.163299,"R_wst_mean_6, R_wst_mean_14, R_wst_mean_34, R_wst_mean_35, R_wst_mean_60, G_wst_mean_32, G_wst_mean_69, G_wst_mean_70, G_wst_mean_71, G_wst_mean_79;R_wst_mean_10, R_wst_mean_15, R_wst_mean_49, R_wst_mean_70, R_wst_std_0, G_wst_mean_1, G_wst_mean_9, G_wst_mean_10, G_wst_mean_15, G_wst_std_0;R_wst_mean_45, R_wst_std_48, G_wst_mean_21, G_wst_mean_28, G_wst_mean_36, G_wst_mean_45, G_wst_std_19, G_wst_std_37, G_wst_std_43, B_wst_std_37"
clean,mini,20,advanced_stats,0.888889,0.133333,"R_std, R_var, R_min, R_skew, R_kurt, R_iqr, R_mad, R_grad_mean, G_min, G_range, G_kurt, G_iqr, G_mad, G_grad_mean, B_mean, B_min, B_skew, B_cv, B_p10, B_p25;R_std, R_var, R_min, R_p10, R_p25, R_iqr, R_mad, R_grad_mean, G_std, G_var, G_min, G_range, G_p10, G_mad, G_grad_mean, B_mean, B_min, B_p10, B_p25, B_p50;R_std, R_var, R_max, R_range, R_iqr, R_mad, R_grad_mean, G_std, G_min, G_range, G_iqr, G_grad_mean, B_std, B_var, B_range, B_cv, B_p75, B_iqr, B_mad, B_grad_mean"
clean,mini,20,hybrid,0.933333,0.148316,"R_min, R_iqr, R_mad, G_min, G_max, G_iqr, G_mad, B_min, B_p10, R_wst_mean_14, R_wst_mean_43, R_wst_mean_60, R_wst_mean_63, R_wst_mean_66, R_wst_mean_68, G_wst_mean_24, G_wst_mean_28, G_wst_mean_63, G_wst_mean_71, G_wst_mean_78;R_min, R_max, R_p10, R_iqr, R_mad, G_min, G_max, G_range, G_iqr, G_mad, B_mean, B_min, B_max, B_p10, B_p25, R_wst_mean_69, G_wst_mean_2, G_wst_mean_9, G_wst_mean_15, B_wst_mean_0;R_wst_mean_3, R_wst_mean_21, R_wst_mean_29, R_wst_mean_36, R_wst_mean_45, R_wst_std_26, R_wst_std_40, G_wst_mean_3, G_wst_mean_21, G_wst_mean_29, G_wst_mean_44, G_wst_mean_52, G_wst_std_3, G_wst_std_11, G_wst_std_26, G_wst_std_35, G_wst_std_37, G_wst_std_51, B_wst_std_36, B_wst_std_37"
clean,mini,20,wst,0.866667,0.187766,"R_wst_mean_6, R_wst_mean_26, R_wst_mean_35, R_wst_mean_51, R_wst_mean_52, R_wst_mean_54, R_wst_mean_61, R_wst_mean_63, R_wst_mean_69, R_wst_mean_70, R_wst_mean_72, G_wst_mean_2, G_wst_mean_18, G_wst_mean_23, G_wst_mean_24, G_wst_mean_64, G_wst_mean_65, G_wst_mean_72, G_wst_mean_74, G_wst_mean_78;R_wst_mean_8, R_wst_mean_9, R_wst_mean_10, R_wst_mean_46, R_wst_mean_49, R_wst_mean_63, R_wst_mean_66, R_wst_mean_69, R_wst_mean_70, G_wst_mean_1, G_wst_mean_2, G_wst_mean_8, G_wst_mean_9, G_wst_mean_15, G_wst_mean_16, G_wst_mean_39, G_wst_mean_70, G_wst_mean_78, G_wst_std_0, B_wst_mean_0;R_wst_mean_3, R_wst_mean_30, R_wst_mean_36, R_wst_mean_44, R_wst_std_26, R_wst_std_39, G_wst_mean_21, G_wst_mean_28, G_wst_mean_29, G_wst_mean_36, G_wst_mean_45, G_wst_std_11, G_wst_std_26, G_wst_std_27, G_wst_std_34, G_wst_std_36, G_wst_std_43, G_wst_std_51, B_wst_std_43, B_wst_std_51"
clean,original,2,advanced_stats,0.991304,0.017391,"R_iqr, B_min"
clean,original,2,advanced_stats,0.983333,0.033333,"R_var, B_cv"
clean,original,2,advanced_stats,0.991667,0.016667,"G_iqr, B_min"
clean,original,2,hybrid,1.0,,"G_iqr, B_min"
clean,original,2,hybrid,0.933333,0.07728,"R_wst_std_0, B_wst_mean_52"
clean,original,2,hybrid,0.991667,0.016667,"G_iqr, B_min"
clean,original,2,wst,0.930797,0.05236,"R_wst_mean_60, R_wst_mean_61"
clean,original,2,wst,0.933333,0.07728,"R_wst_std_0, B_wst_mean_52"
clean,original,2,wst,0.950333,0.040898,"R_wst_mean_16, R_wst_std_0"
clean,original,5,advanced_stats,1.0,,"R_min, R_iqr, G_iqr, G_mad, B_min"
clean,original,5,advanced_stats,0.975,0.05,"R_std, R_var, R_mad, B_cv, B_grad_mean"
clean,original,5,advanced_stats,1.0,,"R_iqr, G_iqr, G_mad, B_min, B_p10"
clean,original,5,hybrid,0.991667,0.016667,"R_min, R_iqr, G_min, G_iqr, B_min"
clean,original,5,hybrid,0.933333,0.072648,"R_wst_std_0, G_wst_mean_37, G_wst_mean_45, G_wst_mean_46, B_wst_mean_52"
clean,original,5,hybrid,1.0,,"R_iqr, G_iqr, G_mad, B_min, B_p10"
clean,original,5,wst,0.922101,0.050957,"R_wst_mean_15, R_wst_mean_53, R_wst_mean_60, R_wst_mean_61, R_wst_mean_62"
clean,original,5,wst,0.933333,0.072648,"R_wst_std_0, G_wst_mean_37, G_wst_mean_45, G_wst_mean_46, B_wst_mean_52"
clean,original,5,wst,0.918,0.057071,"R_wst_mean_9, R_wst_mean_10, R_wst_mean_16, R_wst_std_0, G_wst_mean_9"
clean,original,10,advanced_stats,1.0,,"R_min, R_cv, R_iqr, R_mad, G_std, G_min, G_cv, G_iqr, G_mad, B_min"
clean,original,10,advanced_stats,0.983333,0.033333,"R_std, R_var, R_iqr, R_mad, R_grad_mean, G_range, G_grad_mean, B_cv, B_p25, B_grad_mean"
clean,original,10,advanced_stats,0.991667,0.016667,"R_min, R_p10, R_iqr, R_mad, G_min, G_iqr, G_mad, B_min, B_cv, B_p10"
clean,original,10,hybrid,1.0,,"R_min, R_cv, R_iqr, R_mad, G_min, G_cv, G_iqr, G_mad, B_min, R_wst_mean_61"
clean,original,10,hybrid,0.975,0.033333,"B_cv, R_wst_mean_3, R_wst_mean_40, R_wst_std_0, G_wst_mean_13, G_wst_mean_37, G_wst_mean_45, G_wst_mean_46, G_wst_std_55, B_wst_mean_52"
clean,original,10,hybrid,0.991667,0.016667,"R_min, R_p10, R_iqr, R_mad, G_min, G_iqr, G_mad, B_min, B_cv, B_p10"
clean,original,10,wst,0.956884,0.038895,"R_wst_mean_15, R_wst_mean_53, R_wst_mean_60, R_wst_mean_61, R_wst_mean_62, R_wst_mean_63, R_wst_mean_70, G_wst_mean_15, G_wst_mean_61, G_wst_std_0"
clean,original,10,wst,0.925,0.071686,"R_wst_mean_3, R_wst_mean_40, R_wst_std_0, G_wst_mean_13, G_wst_mean_37, G_wst_mean_45, G_wst_mean_46, G_wst_mean_55, G_wst_std_55, B_wst_mean_52"
clean,original,10,wst,0.967333,0.040022,"R_wst_mean_1, R_wst_mean_8, R_wst_mean_9, R_wst_mean_10, R_wst_mean_16, R_wst_std_0, G_wst_mean_1, G_wst_mean_9, G_wst_std_0, B_wst_mean_0"
clean,original,20,advanced_stats,0.991304,0.017391,"R_std, R_var, R_min, R_cv, R_iqr, R_mad, R_grad_mean, G_std, G_var, G_min, G_range, G_cv, G_p10, G_iqr, G_mad, G_grad_mean, B_min, B_cv, B_p10, B_grad_mean"
clean,original,20,advanced_stats,0.983333,0.033333,"R_std, R_var, R_range, R_iqr, R_mad, R_grad_mean, G_std, G_var, G_range, G_cv, G_iqr, G_mad, G_grad_mean, B_mean, B_range, B_cv, B_p10, B_p25, B_p75, B_grad_mean"
clean,original,20,advanced_stats,1.0,,"R_std, R_var, R_min, R_cv, R_p10, R_p25, R_iqr, R_mad, G_std, G_var, G_min, G_range, G_cv, G_iqr, G_mad, B_min, B_cv, B_p10, B_p25, B_iqr"
clean,original,20,hybrid,0.991304,0.017391,"R_std, R_min, R_cv, R_iqr, R_mad, G_std, G_var, G_min, G_cv, G_iqr, G_mad, B_min, R_wst_mean_15, R_wst_mean_53, R_wst_mean_60, R_wst_mean_61, R_wst_mean_62, R_wst_mean_63, R_wst_mean_70, G_wst_std_0"
clean,original,20,hybrid,0.966667,0.048591,"R_std, R_var, B_cv, R_wst_mean_3, R_wst_mean_13, R_wst_mean_29, R_wst_mean_40, R_wst_std_0, G_wst_mean_4, G_wst_mean_5, G_wst_mean_11, G_wst_mean_13, G_wst_mean_37, G_wst_mean_45, G_wst_mean_46, G_wst_mean_55, G_wst_std_55, B_wst_mean_36, B_wst_mean_45, B_wst_mean_52"
clean,original,20,hybrid,1.0,,"R_std, R_var, R_min, R_cv, R_p10, R_p25, R_iqr, R_mad, G_std, G_var, G_min, G_range, G_iqr, G_mad, B_min, B_cv, B_p10, B_p25, B_iqr, R_wst_mean_16"
clean,original,20,wst,0.965217,0.0426,"R_wst_mean_7, R_wst_mean_15, R_wst_mean_44, R_wst_mean_52, R_wst_mean_53, R_wst_mean_54, R_wst_mean_60, R_wst_mean_61, R_wst_mean_62, R_wst_mean_63, R_wst_mean_70, R_wst_mean_71, R_wst_std_0, G_wst_mean_15, G_wst_mean_44, G_wst_mean_45, G_wst_mean_61, G_wst_mean_62, G_wst_std_0, B_wst_mean_61"
clean,original,20,wst,0.933333,0.07728,"R_wst_mean_3, R_wst_mean_13, R_wst_mean_29, R_wst_mean_36, R_wst_mean_40, R_wst_std_0, G_wst_mean_4, G_wst_mean_5, G_wst_mean_11, G_wst_mean_13, G_wst_mean_37, G_wst_mean_38, G_wst_mean_45, G_wst_mean_46, G_wst_mean_52, G_wst_mean_55, G_wst_std_55, B_wst_mean_36, B_wst_mean_45, B_wst_mean_52"
clean,original,20,wst,0.983333,0.033333,"R_wst_mean_0, R_wst_mean_1, R_wst_mean_7, R_wst_mean_8, R_wst_mean_9, R_wst_mean_10, R_wst_mean_15, R_wst_mean_16, R_wst_mean_17, R_wst_mean_69, R_wst_mean_71, R_wst_mean_73, R_wst_std_0, G_wst_mean_1, G_wst_mean_9, G_wst_mean_10, G_wst_mean_16, G_wst_std_0, B_wst_mean_0, B_wst_std_0"
clean,small,2,advanced_stats,0.985185,0.088889,"R_iqr, G_iqr;R_iqr, G_mad;R_grad_mean, B_cv"
clean,small,2,hybrid,0.97037,0.044444,"R_iqr, G_iqr;R_iqr, G_mad;R_wst_mean_20, B_wst_mean_5"
clean,small,2,wst,0.911111,0.056383,"R_wst_mean_15, R_wst_mean_60;R_wst_mean_16, G_wst_std_0;R_wst_mean_20, B_wst_mean_5"
clean,small,5,advanced_stats,0.97037,0.066667,"R_min, R_iqr, R_mad, G_iqr, G_mad;R_iqr, G_min, G_iqr, G_mad, B_min;R_mad, R_grad_mean, G_grad_mean, B_cv, B_grad_mean"
clean,small,5,hybrid,0.962963,0.063796,"R_min, R_iqr, R_mad, G_iqr, G_mad;R_iqr, G_min, G_iqr, G_mad, B_min;R_wst_mean_20, G_wst_std_60, B_wst_mean_5, B_wst_mean_47, B_wst_mean_56"
clean,small,5,wst,0.925926,0.065955,"R_wst_mean_6, R_wst_mean_7, R_wst_mean_15, R_wst_mean_60, B_wst_mean_15;R_wst_mean_8, R_wst_mean_16, R_wst_std_0, G_wst_mean_16, G_wst_std_0;R_wst_mean_20, G_wst_std_60, B_wst_mean_5, B_wst_mean_47, B_wst_mean_56"
clean,small,10,advanced_stats,0.948148,0.060675,"R_std, R_min, R_iqr, R_mad, G_min, G_p10, G_iqr, G_mad, B_min, B_p10;R_min, R_iqr, R_mad, G_min, G_range, G_iqr, G_mad, B_min, B_cv, B_p10;R_std, R_var, R_mad, R_grad_mean, G_var, G_range, G_cv, G_grad_mean, B_cv, B_grad_mean"
clean,small,10,hybrid,0.940741,0.066086,"R_std, R_min, R_iqr, R_mad, G_min, G_p10, G_iqr, G_mad, B_min, R_wst_mean_15;R_min, R_iqr, R_mad, G_min, G_range, G_iqr, G_mad, B_min, B_cv, B_p10;R_wst_mean_20, G_wst_mean_5, G_wst_mean_11, G_wst_mean_60, G_wst_std_60, B_wst_mean_5, B_wst_mean_13, B_wst_mean_37, B_wst_mean_47, B_wst_mean_56"
clean,small,10,wst,0.896296,0.084267,"R_wst_mean_6, R_wst_mean_7, R_wst_mean_15, R_wst_mean_60, R_wst_mean_61, R_wst_mean_70, R_wst_mean_72, R_wst_std_0, G_wst_mean_15, B_wst_mean_15;R_wst_mean_1, R_wst_mean_8, R_wst_mean_9, R_wst_mean_10, R_wst_mean_15, R_wst_mean_16, R_wst_std_0, G_wst_mean_9, G_wst_mean_16, G_wst_std_0;R_wst_mean_20, G_wst_mean_5, G_wst_mean_11, G_wst_mean_60, G_wst_std_60, B_wst_mean_5, B_wst_mean_13, B_wst_mean_37, B_wst_mean_47, B_wst_mean_56"
clean,small,20,advanced_stats,0.948148,0.065918,"R_std, R_var, R_min, R_range, R_cv, R_iqr, R_mad, R_grad_mean, G_std, G_var, G_min, G_range, G_cv, G_p10, G_p25, G_iqr, G_mad, B_min, B_p10, B_p25;R_std, R_var, R_min, R_cv, R_p10, R_iqr, R_mad, G_std, G_var, G_min, G_range, G_cv, G_iqr, G_mad, B_min, B_cv, B_p10, B_p25, B_iqr, B_mad;R_std, R_var, R_range, R_iqr, R_mad, R_grad_mean, G_std, G_var, G_range, G_cv, G_iqr, G_mad, G_grad_mean, B_std, B_var, B_max, B_range, B_cv, B_mad, B_grad_mean"
clean,small,20,hybrid,0.948148,0.087011,"R_std, R_var, R_min, R_cv, R_iqr, R_mad, G_min, G_range, G_p10, G_iqr, G_mad, B_min, B_p10, B_p25, R_wst_mean_6, R_wst_mean_7, R_wst_mean_15, R_wst_mean_60, R_wst_mean_61, B_wst_mean_15;R_min, R_cv, R_p10, R_iqr, R_mad, G_std, G_var, G_min, G_range, G_iqr, G_mad, B_min, B_cv, B_p10, B_iqr, R_wst_mean_8, R_wst_mean_16, R_wst_std_0, G_wst_mean_16, G_wst_std_0;R_wst_mean_11, R_wst_mean_20, G_wst_mean_3, G_wst_mean_4, G_wst_mean_5, G_wst_mean_11, G_wst_mean_46, G_wst_mean_53, G_wst_mean_60, G_wst_std_5, G_wst_std_38, G_wst_std_60, B_wst_mean_5, B_wst_mean_13, B_wst_mean_17, B_wst_mean_37, B_wst_mean_47, B_wst_mean_48, B_wst_mean_49, B_wst_mean_56"
clean,small,20,wst,0.911111,0.089053,"R_wst_mean_1, R_wst_mean_6, R_wst_mean_7, R_wst_mean_8, R_wst_mean_14, R_wst_mean_15, R_wst_mean_16, R_wst_mean_37, R_wst_mean_60, R_wst_mean_61, R_wst_mean_65, R_wst_mean_69, R_wst_mean_70, R_wst_mean_71, R_wst_mean_72, R_wst_std_0, G_wst_mean_7, G_wst_mean_15, G_wst_mean_52, B_wst_mean_15;R_wst_mean_1, R_wst_mean_7, R_wst_mean_8, R_wst_mean_9, R_wst_mean_10, R_wst_mean_15, R_wst_mean_16, R_wst_mean_24, R_wst_mean_65, R_wst_mean_71, R_wst_mean_72, R_wst_mean_78, R_wst_std_0, G_wst_mean_1, G_wst_mean_8, G_wst_mean_9, G_wst_mean_12, G_wst_mean_16, G_wst_std_0, B_wst_std_0;R_wst_mean_11, R_wst_mean_20, G_wst_mean_3, G_wst_mean_4, G_wst_mean_5, G_wst_mean_11, G_wst_mean_46, G_wst_mean_53, G_wst_mean_60, G_wst_std_5, G_wst_std_38, G_wst_std_60, B_wst_mean_5, B_wst_mean_13, B_wst_mean_17, B_wst_mean_37, B_wst_mean_47, B_wst_mean_48, B_wst_mean_49, B_wst_mean_56"
saltpepper15,mini,2,advanced_stats,0.933333,0.133333,"R_iqr, G_iqr;R_iqr, B_p25;R_mad, B_iqr"
saltpepper15,mini,2,hybrid,0.933333,0.098878,"R_iqr, G_iqr;G_iqr, B_p25;R_wst_std_0, B_wst_mean_73"
saltpepper15,mini,2,wst,0.888889,0.153311,"B_wst_mean_0, B_wst_mean_54;R_wst_std_0, G_wst_std_0;R_wst_std_0, B_wst_mean_73"
saltpepper15,mini,5,advanced_stats,0.888889,0.143322,"R_iqr, G_kurt, G_iqr, B_cv, B_p25;R_p25, R_iqr, G_iqr, B_skew, B_p25;R_std, R_var, R_mad, R_grad_mean, B_iqr"
saltpepper15,mini,5,hybrid,0.933333,0.133333,"R_iqr, G_iqr, B_skew, B_cv, B_p25;R_iqr, G_iqr, B_mean, B_skew, B_p25;R_mad, B_iqr, R_wst_std_0, B_wst_mean_73, B_wst_mean_80"
saltpepper15,mini,5,wst,0.822222,0.124706,"R_wst_std_0, B_wst_mean_0, B_wst_mean_23, B_wst_mean_54, B_wst_std_24;R_wst_mean_0, R_wst_std_0, G_wst_std_0, B_wst_mean_0, B_wst_mean_72;R_wst_std_0, G_wst_mean_80, B_wst_mean_73, B_wst_mean_80, B_wst_std_57"
saltpepper15,mini,10,advanced_stats,0.844444,0.163299,"R_p25, R_iqr, G_kurt, G_p25, G_iqr, B_mean, B_skew, B_cv, B_p25, B_p50;R_mean, R_p25, R_iqr, G_kurt, G_p25, G_iqr, B_mean, B_skew, B_cv, B_p25;R_std, R_var, R_iqr, R_mad, R_grad_mean, G_std, G_var, B_skew, B_kurt, B_iqr"
saltpepper15,mini,10,hybrid,0.888889,0.070273,"R_p25, R_iqr, G_p25, G_iqr, B_mean, B_skew, B_cv, B_p25, B_wst_mean_0, B_wst_std_24;R_p25, R_iqr, G_kurt, G_p25, G_iqr, B_mean, B_skew, B_p25, G_wst_std_0, B_wst_mean_0;R_std, R_var, R_mad, R_grad_mean, B_iqr, R_wst_std_0, G_wst_mean_80, B_wst_mean_73, B_wst_std_57, B_wst_std_79"
saltpepper15,mini,10,wst,0.755556,0.143322,"R_wst_mean_0, R_wst_std_0, G_wst_std_0, B_wst_mean_0, B_wst_mean_23, B_wst_mean_24, B_wst_mean_54, B_wst_std_24, B_wst_std_69, B_wst_std_75;R_wst_mean_0, R_wst_mean_3, R_wst_mean_72, R_wst_std_0, G_wst_std_0, B_wst_mean_0, B_wst_mean_37, B_wst_mean_72, B_wst_std_0, B_wst_std_7;R_wst_mean_50, R_wst_std_0, G_wst_mean_49, G_wst_mean_80, G_wst_std_0, B_wst_mean_22, B_wst_mean_73, B_wst_mean_80, B_wst_std_57, B_wst_std_79"
saltpepper15,mini,20,advanced_stats,0.911111,0.098878,"R_mean, R_skew, R_cv, R_p25, R_p50, R_p75, R_iqr, G_mean, G_skew, G_kurt, G_p25, G_p50, G_iqr, B_mean, B_skew, B_cv, B_p25, B_p50, B_p75, B_iqr;R_mean, R_skew, R_cv, R_p25, R_p50, R_p75, R_iqr, R_mad, G_kurt, G_p25, G_iqr, B_mean, B_skew, B_kurt, B_cv, B_p25, B_p50, B_p75, B_iqr, B_grad_mean;R_std, R_var, R_iqr, R_mad, R_grad_mean, G_std, G_var, G_p75, G_iqr, G_mad, B_mean, B_std, B_var, B_skew, B_kurt, B_cv, B_p25, B_p50, B_p75, B_iqr"
saltpepper15,mini,20,hybrid,0.888889,0.108866,"R_p25, R_iqr, G_kurt, G_p25, G_iqr, B_mean, B_skew, B_cv, B_p25, B_p50, B_iqr, R_wst_mean_0, R_wst_std_0, G_wst_std_0, B_wst_mean_0, B_wst_mean_23, B_wst_mean_24, B_wst_mean_54, B_wst_std_24, B_wst_std_75;R_mean, R_skew, R_cv, R_p25, R_p50, R_iqr, G_kurt, G_p25, G_iqr, B_mean, B_skew, B_cv, B_p25, B_p50, R_wst_mean_0, R_wst_std_0, G_wst_std_0, B_wst_mean_0, B_wst_mean_72, B_wst_std_0;R_std, R_var, R_iqr, R_mad, R_grad_mean, G_std, G_var, G_iqr, B_kurt, B_iqr, R_wst_std_0, G_wst_mean_49, G_wst_mean_80, B_wst_mean_22, B_wst_mean_38, B_wst_mean_56, B_wst_mean_73, B_wst_mean_80, B_wst_std_57, B_wst_std_79"
saltpepper15,mini,20,wst,0.733333,0.172037,"R_wst_mean_0, R_wst_std_0, G_wst_mean_0, G_wst_mean_2, G_wst_std_0, B_wst_mean_0, B_wst_mean_22, B_wst_mean_23, B_wst_mean_24, B_wst_mean_54, B_wst_mean_57, B_wst_mean_69, B_wst_mean_70, B_wst_std_6, B_wst_std_24, B_wst_std_43, B_wst_std_57, B_wst_std_64, B_wst_std_69, B_wst_std_75;R_wst_mean_0, R_wst_mean_3, R_wst_mean_7, R_wst_mean_72, R_wst_std_0, G_wst_std_0, B_wst_mean_0, B_wst_mean_7, B_wst_mean_31, B_wst_mean_37, B_wst_mean_62, B_wst_mean_68, B_wst_mean_72, B_wst_std_0, B_wst_std_7, B_wst_std_31, B_wst_std_36, B_wst_std_37, B_wst_std_43, B_wst_std_72;R_wst_mean_50, R_wst_std_0, R_wst_std_79, G_wst_mean_6, G_wst_mean_49, G_wst_mean_80, G_wst_std_0, B_wst_mean_0, B_wst_mean_9, B_wst_mean_22, B_wst_mean_38, B_wst_mean_41, B_wst_mean_56, B_wst_mean_64, B_wst_mean_73, B_wst_mean_80, B_wst_std_6, B_wst_std_25, B_wst_std_57, B_wst_std_79"
saltpepper15,original,2,advanced_stats,0.982609,0.034783,"R_iqr, G_iqr"
saltpepper15,original,2,advanced_stats,0.983333,0.020412,"R_iqr, B_mean"
saltpepper15,original,2,advanced_stats,1.0,0.0,"R_iqr, G_iqr"
saltpepper15,original,2,hybrid,0.982609,0.034783,"R_iqr, G_iqr"
saltpepper15,original,2,hybrid,0.875,0.045644,"R_iqr, R_wst_std_0"
saltpepper15,original,2,hybrid,1.0,0.0,"R_iqr, G_iqr"
saltpepper15,original,2,wst,0.878986,0.051219,"R_wst_std_0, G_wst_std_0"
saltpepper15,original,2,wst,0.908333,0.016667,"R_wst_std_0, G_wst_std_0"
saltpepper15,original,2,wst,0.975,0.033333,"G_wst_std_0, B_wst_mean_0"
saltpepper15,original,5,advanced_stats,1.0,0.0,"R_p25, R_iqr, G_p25, G_iqr, B_p25"
saltpepper15,original,5,advanced_stats,0.983333,0.020412,"R_iqr, R_mad, B_mean, B_p25, B_p50"
saltpepper15,original,5,advanced_stats,0.991667,0.016667,"R_cv, R_p25, R_iqr, G_iqr, B_p25"
saltpepper15,original,5,hybrid,1.0,0.0,"R_iqr, G_p25, G_iqr, B_p25, R_wst_std_0"
saltpepper15,original,5,hybrid,0.975,0.020412,"R_iqr, R_wst_std_0, G_wst_std_0, B_wst_mean_0, B_wst_mean_37"
saltpepper15,original,5,hybrid,0.991667,0.016667,"R_cv, R_p25, R_iqr, G_iqr, B_p25"
saltpepper15,original,5,wst,0.887681,0.035352,"R_wst_mean_0, R_wst_std_0, G_wst_mean_0, G_wst_std_0, B_wst_mean_0"
saltpepper15,original,5,wst,0.975,0.020412,"R_wst_std_0, G_wst_std_0, B_wst_mean_0, B_wst_mean_33, B_wst_mean_37"
saltpepper15,original,5,wst,0.95,0.048591,"R_wst_mean_0, R_wst_std_0, G_wst_std_0, B_wst_mean_0, B_wst_std_0"
saltpepper15,original,10,advanced_stats,1.0,0.0,"R_p25, R_p75, R_iqr, G_p25, G_p50, G_iqr, B_kurt, B_cv, B_p25, B_iqr"
saltpepper15,original,10,advanced_stats,0.983333,0.020412,"R_iqr, R_mad, B_mean, B_std, B_var, B_kurt, B_cv, B_p25, B_p50, B_iqr"
saltpepper15,original,10,advanced_stats,1.0,0.0,"R_cv, R_p25, R_iqr, G_kurt, G_iqr, B_mean, B_skew, B_cv, B_p25, B_iqr"
saltpepper15,original,10,hybrid,1.0,0.0,"R_p25, R_iqr, G_p25, G_p50, G_iqr, B_cv, B_p25, B_iqr, R_wst_std_0, G_wst_std_0"
saltpepper15,original,10,hybrid,0.983333,0.020412,"R_iqr, R_mad, B_mean, B_var, B_p25, R_wst_std_0, G_wst_std_0, B_wst_mean_0, B_wst_mean_33, B_wst_mean_37"
saltpepper15,original,10,hybrid,1.0,0.0,"R_cv, R_p25, R_iqr, G_kurt, G_iqr, B_mean, B_skew, B_cv, B_p25, B_iqr"
saltpepper15,original,10,wst,0.905072,0.032761,"R_wst_mean_0, R_wst_std_0, G_wst_mean_0, G_wst_std_0, B_wst_mean_0, B_wst_mean_20, B_wst_mean_34, B_wst_mean_40, B_wst_mean_69, B_wst_std_0"
saltpepper15,original,10,wst,0.983333,0.020412,"R_wst_std_0, G_wst_std_0, B_wst_mean_0, B_wst_mean_3, B_wst_mean_4, B_wst_mean_20, B_wst_mean_22, B_wst_mean_33, B_wst_mean_37, B_wst_mean_54"
saltpepper15,original,10,wst,0.975,0.020412,"R_wst_mean_0, R_wst_mean_5, R_wst_std_0, G_wst_mean_0, G_wst_std_0, B_wst_mean_0, B_wst_mean_2, B_wst_mean_46, B_wst_mean_60, B_wst_std_0"
saltpepper15,original,20,advanced_stats,1.0,0.0,"R_mean, R_skew, R_cv, R_p25, R_p50, R_p75, R_iqr, G_mean, G_skew, G_cv, G_p25, G_p50, G_iqr, B_mean, B_skew, B_kurt, B_cv, B_p25, B_p50, B_iqr"
saltpepper15,original,20,advanced_stats,0.983333,0.020412,"R_skew, R_kurt, R_iqr, R_mad, G_std, G_var, G_kurt, G_iqr, G_mad, B_mean, B_std, B_var, B_skew, B_kurt, B_cv, B_p25, B_p50, B_p75, B_iqr, B_mad"
saltpepper15,original,20,advanced_stats,1.0,0.0,"R_mean, R_skew, R_kurt, R_cv, R_p25, R_p50, R_iqr, R_mad, G_skew, G_kurt, G_cv, G_p25, G_iqr, B_mean, B_skew, B_kurt, B_cv, B_p25, B_p50, B_iqr"
saltpepper15,original,20,hybrid,1.0,0.0,"R_skew, R_p25, R_p75, R_iqr, G_mean, G_skew, G_cv, G_p25, G_p50, G_iqr, B_mean, B_skew, B_kurt, B_cv, B_p25, B_iqr, R_wst_mean_0, R_wst_std_0, G_wst_mean_0, G_wst_std_0"
saltpepper15,original,20,hybrid,0.983333,0.020412,"R_kurt, R_iqr, R_mad, G_iqr, G_mad, B_mean, B_std, B_var, B_kurt, B_cv, B_p25, B_p50, B_iqr, R_wst_std_0, G_wst_std_0, B_wst_mean_0, B_wst_mean_3, B_wst_mean_4, B_wst_mean_33, B_wst_mean_37"
saltpepper15,original,20,hybrid,1.0,0.0,"R_mean, R_skew, R_cv, R_p25, R_p50, R_iqr, G_kurt, G_p25, G_iqr, B_mean, B_skew, B_cv, B_p25, B_p50, B_iqr, R_wst_mean_0, R_wst_std_0, G_wst_std_0, B_wst_mean_0, B_wst_std_0"
saltpepper15,original,20,wst,0.905072,0.032761,"R_wst_mean_0, R_wst_std_0, G_wst_mean_0, G_wst_std_0, B_wst_mean_0, B_wst_mean_20, B_wst_mean_31, B_wst_mean_34, B_wst_mean_35, B_wst_mean_40, B_wst_mean_52, B_wst_mean_54, B_wst_mean_63, B_wst_mean_69, B_wst_mean_73, B_wst_std_0, B_wst_std_1, B_wst_std_5, B_wst_std_28, B_wst_std_68"
saltpepper15,original,20,wst,0.975,0.020412,"R_wst_std_0, G_wst_std_0, B_wst_mean_0, B_wst_mean_3, B_wst_mean_4, B_wst_mean_18, B_wst_mean_20, B_wst_mean_22, B_wst_mean_25, B_wst_mean_29, B_wst_mean_33, B_wst_mean_34, B_wst_mean_37, B_wst_mean_46, B_wst_mean_54, B_wst_mean_56, B_wst_mean_61, B_wst_mean_67, B_wst_std_0, B_wst_std_6"
saltpepper15,original,20,wst,0.958333,0.026352,"R_wst_mean_0, R_wst_mean_1, R_wst_mean_2, R_wst_mean_3, R_wst_mean_5, R_wst_mean_61, R_wst_std_0, G_wst_mean_0, G_wst_std_0, B_wst_mean_0, B_wst_mean_2, B_wst_mean_10, B_wst_mean_45, B_wst_mean_46, B_wst_mean_50, B_wst_mean_54, B_wst_mean_60, B_wst_mean_69, B_wst_std_0, B_wst_std_5"
saltpepper15,small,2,advanced_stats,0.948148,0.068693,"R_iqr, G_iqr;R_iqr, G_iqr;R_iqr, R_mad"
saltpepper15,small,2,hybrid,0.962963,0.057378,"R_iqr, G_iqr;R_iqr, G_iqr;R_iqr, R_wst_std_0"
saltpepper15,small,2,wst,0.896296,0.096002,"R_wst_std_0, G_wst_std_0;R_wst_std_0, G_wst_std_0;R_wst_std_0, G_wst_std_0"
saltpepper15,small,5,advanced_stats,0.97037,0.036289,"R_iqr, G_cv, G_p25, G_iqr, B_p25;R_p25, R_iqr, G_iqr, B_p25, B_iqr;R_iqr, R_mad, G_std, G_iqr, B_iqr"
saltpepper15,small,5,hybrid,0.948148,0.069248,"R_iqr, G_p25, G_iqr, B_p25, R_wst_std_0;R_p25, R_iqr, G_iqr, B_p25, G_wst_std_0;R_iqr, R_mad, G_iqr, R_wst_std_0, G_wst_std_0"
saltpepper15,small,5,wst,0.874074,0.086528,"R_wst_mean_0, R_wst_std_0, G_wst_mean_0, G_wst_std_0, B_wst_mean_0;R_wst_mean_0, R_wst_std_0, G_wst_std_0, B_wst_mean_0, B_wst_std_0;R_wst_std_0, G_wst_std_0, B_wst_mean_8, B_wst_mean_65, B_wst_std_0"
saltpepper15,small,10,advanced_stats,0.985185,0.018144,"R_mean, R_p25, R_p50, R_iqr, G_skew, G_cv, G_p25, G_iqr, B_cv, B_p25;R_skew, R_cv, R_p25, R_iqr, G_kurt, G_iqr, B_skew, B_cv, B_p25, B_iqr;R_iqr, R_mad, G_std, G_var, G_iqr, G_mad, B_std, B_var, B_kurt, B_iqr"
saltpepper15,small,10,hybrid,0.97037,0.027716,"R_mean, R_p25, R_iqr, G_cv, G_p25, G_iqr, B_cv, B_p25, R_wst_std_0, G_wst_std_0;R_p25, R_iqr, G_iqr, B_skew, B_cv, B_p25, B_iqr, R_wst_std_0, G_wst_std_0, B_wst_mean_0;R_iqr, R_mad, G_std, G_var, G_iqr, G_mad, B_kurt, B_iqr, R_wst_std_0, G_wst_std_0"
saltpepper15,small,10,wst,0.933333,0.062589,"R_wst_mean_0, R_wst_std_0, G_wst_mean_0, G_wst_std_0, B_wst_mean_0, B_wst_mean_24, B_wst_mean_51, B_wst_mean_52, B_wst_mean_54, B_wst_mean_55;R_wst_mean_0, R_wst_std_0, G_wst_mean_0, G_wst_mean_8, G_wst_std_0, B_wst_mean_0, B_wst_mean_33, B_wst_mean_64, B_wst_std_0, B_wst_std_2;R_wst_std_0, G_wst_std_0, B_wst_mean_0, B_wst_mean_8, B_wst_mean_18, B_wst_mean_24, B_wst_mean_27, B_wst_mean_48, B_wst_mean_65, B_wst_std_0"
saltpepper15,small,20,advanced_stats,0.985185,0.02963,"R_mean, R_skew, R_cv, R_p25, R_p50, R_p75, R_iqr, G_mean, G_skew, G_kurt, G_cv, G_p25, G_p50, G_iqr, B_mean, B_skew, B_cv, B_p25, B_p50, B_iqr;R_mean, R_skew, R_kurt, R_cv, R_p25, R_p50, R_p75, R_iqr, G_skew, G_kurt, G_cv, G_p25, G_iqr, B_mean, B_skew, B_kurt, B_cv, B_p25, B_p50, B_iqr;R_std, R_var, R_kurt, R_iqr, R_mad, G_std, G_var, G_iqr, G_mad, G_grad_mean, B_mean, B_std, B_var, B_skew, B_kurt, B_cv, B_p25, B_p50, B_p75, B_iqr"
saltpepper15,small,20,hybrid,0.97037,0.036289,"R_mean, R_skew, R_p25, R_p50, R_p75, R_iqr, G_mean, G_skew, G_cv, G_p25, G_p50, G_iqr, B_mean, B_cv, B_p25, B_p50, R_wst_mean_0, R_wst_std_0, G_wst_mean_0, G_wst_std_0;R_mean, R_skew, R_kurt, R_cv, R_p25, R_iqr, G_kurt, G_p25, G_iqr, B_mean, B_skew, B_cv, B_p25, B_p50, B_iqr, R_wst_mean_0, R_wst_std_0, G_wst_std_0, B_wst_mean_0, B_wst_std_0;R_var, R_kurt, R_iqr, R_mad, G_std, G_var, G_iqr, G_mad, B_std, B_var, B_skew, B_kurt, B_p25, B_p75, B_iqr, R_wst_std_0, G_wst_std_0, B_wst_mean_8, B_wst_mean_65, B_wst_std_0"
saltpepper15,small,20,wst,0.903704,0.07549,"R_wst_mean_0, R_wst_std_0, G_wst_mean_0, G_wst_std_0, B_wst_mean_0, B_wst_mean_20, B_wst_mean_21, B_wst_mean_24, B_wst_mean_51, B_wst_mean_52, B_wst_mean_53, B_wst_mean_54, B_wst_mean_55, B_wst_std_0, B_wst_std_17, B_wst_std_33, B_wst_std_38, B_wst_std_52, B_wst_std_53, B_wst_std_59;R_wst_mean_0, R_wst_mean_2, R_wst_std_0, R_wst_std_2, G_wst_mean_0, G_wst_mean_8, G_wst_std_0, G_wst_std_35, B_wst_mean_0, B_wst_mean_2, B_wst_mean_23, B_wst_mean_33, B_wst_mean_51, B_wst_mean_55, B_wst_mean_56, B_wst_mean_64, B_wst_std_0, B_wst_std_2, B_wst_std_16, B_wst_std_17;R_wst_std_0, G_wst_std_0, B_wst_mean_0, B_wst_mean_2, B_wst_mean_8, B_wst_mean_17, B_wst_mean_18, B_wst_mean_24, B_wst_mean_27, B_wst_mean_37, B_wst_mean_45, B_wst_mean_48, B_wst_mean_49, B_wst_mean_52, B_wst_mean_65, B_wst_mean_68, B_wst_std_0, B_wst_std_2, B_wst_std_5, B_wst_std_35"
saltpepper25,mini,2,advanced_stats,0.844444,0.187766,"B_cv, B_p50;B_mean, B_p50;R_std, R_mad"
saltpepper25,mini,2,hybrid,0.8,0.192014,"B_skew, B_cv;R_skew, B_p50;R_mad, R_wst_std_0"
saltpepper25,mini,2,wst,0.8,0.22647,"B_wst_mean_78, B_wst_std_3;R_wst_mean_0, B_wst_mean_0;R_wst_std_0, B_wst_mean_42"
saltpepper25,mini,5,advanced_stats,0.866667,0.153311,"R_p50, B_mean, B_skew, B_cv, B_p50;R_grad_mean, B_mean, B_skew, B_cv, B_p50;R_std, R_var, R_mad, B_mean, B_kurt"
saltpepper25,mini,5,hybrid,0.8,0.192014,"B_mean, B_skew, B_cv, B_p50, B_wst_mean_0;R_skew, B_mean, B_skew, R_wst_mean_0, B_wst_mean_0;R_std, R_var, R_mad, R_wst_std_0, G_wst_std_0"
saltpepper25,mini,5,wst,0.8,0.22647,"R_wst_mean_0, B_wst_mean_0, B_wst_mean_70, B_wst_mean_78, B_wst_std_3;R_wst_mean_0, R_wst_mean_6, R_wst_mean_7, R_wst_std_0, B_wst_mean_0;R_wst_std_0, G_wst_std_0, B_wst_mean_42, B_wst_mean_47, B_wst_std_5"
saltpepper25,mini,10,advanced_stats,0.866667,0.163299,"R_skew, R_cv, R_p50, G_skew, G_p50, B_mean, B_skew, B_kurt, B_cv, B_p50;R_mean, R_skew, R_cv, R_p50, R_grad_mean, B_mean, B_skew, B_cv, B_p50, B_grad_mean;R_std, R_var, R_mad, G_std, G_var, B_skew, B_kurt, B_p50, B_p75, B_iqr"
saltpepper25,mini,10,hybrid,0.777778,0.182025,"R_p50, G_skew, G_p50, B_mean, B_skew, B_cv, B_p50, B_wst_mean_0, B_wst_mean_78, B_wst_std_3;R_mean, R_skew, R_cv, R_grad_mean, B_mean, B_skew, B_cv, B_p50, R_wst_mean_0, B_wst_mean_0;R_std, R_var, R_mad, B_skew, B_kurt, R_wst_std_0, G_wst_std_0, B_wst_mean_42, B_wst_std_4, B_wst_std_5"
saltpepper25,mini,10,wst,0.711111,0.280878,"R_wst_mean_0, R_wst_std_0, G_wst_mean_0, G_wst_mean_7, B_wst_mean_0, B_wst_mean_40, B_wst_mean_60, B_wst_mean_70, B_wst_mean_78, B_wst_std_3;R_wst_mean_0, R_wst_mean_6, R_wst_mean_7, R_wst_mean_9, R_wst_mean_10, R_wst_std_0, B_wst_mean_0, B_wst_mean_53, B_wst_std_0, B_wst_std_49;R_wst_std_0, G_wst_std_0, B_wst_mean_5, B_wst_mean_42, B_wst_mean_43, B_wst_mean_47, B_wst_mean_50, B_wst_mean_53, B_wst_std_4, B_wst_std_5"
saltpepper25,mini,20,advanced_stats,0.755556,0.143322,"R_mean, R_skew, R_kurt, R_cv, R_p50, R_p75, R_iqr, R_grad_mean, R_edge_density, G_mean, G_skew, G_kurt, G_cv, G_p50, G_grad_mean, B_mean, B_skew, B_kurt, B_cv, B_p50;R_mean, R_std, R_var, R_skew, R_cv, R_p50, R_mad, R_grad_mean, G_cv, G_p75, G_iqr, B_mean, B_skew, B_kurt, B_cv, B_p50, B_p75, B_iqr, B_mad, B_grad_mean;R_std, R_var, R_p25, R_mad, R_grad_mean, G_std, G_var, G_mad, G_grad_mean, B_mean, B_std, B_var, B_min, B_skew, B_kurt, B_cv, B_p50, B_p75, B_iqr, B_mad"
saltpepper25,mini,20,hybrid,0.866667,0.153311,"R_mean, R_skew, R_cv, R_p50, R_iqr, G_mean, G_skew, G_p50, B_mean, B_skew, B_kurt, B_cv, B_p50, R_wst_mean_0, G_wst_mean_7, B_wst_mean_0, B_wst_mean_40, B_wst_mean_70, B_wst_mean_78, B_wst_std_3;R_mean, R_skew, R_cv, R_p50, R_grad_mean, B_mean, B_skew, B_cv, B_p50, B_mad, B_grad_mean, R_wst_mean_0, R_wst_mean_6, R_wst_mean_7, R_wst_mean_9, R_wst_mean_10, R_wst_std_0, B_wst_mean_0, B_wst_mean_53, B_wst_std_49;R_std, R_var, R_mad, G_std, G_var, B_kurt, B_cv, B_iqr, R_wst_mean_1, R_wst_mean_5, R_wst_std_0, G_wst_std_0, B_wst_mean_0, B_wst_mean_42, B_wst_mean_47, B_wst_mean_50, B_wst_mean_53, B_wst_std_3, B_wst_std_4, B_wst_std_5"
saltpepper25,mini,20,wst,0.666667,0.238017,"R_wst_mean_0, R_wst_std_0, R_wst_std_24, G_wst_mean_0, G_wst_mean_3, G_wst_mean_7, G_wst_mean_32, G_wst_std_0, G_wst_std_15, G_wst_std_49, B_wst_mean_0, B_wst_mean_40, B_wst_mean_52, B_wst_mean_53, B_wst_mean_59, B_wst_mean_60, B_wst_mean_70, B_wst_mean_78, B_wst_std_3, B_wst_std_76;R_wst_mean_0, R_wst_mean_2, R_wst_mean_3, R_wst_mean_4, R_wst_mean_5, R_wst_mean_6, R_wst_mean_7, R_wst_mean_9, R_wst_mean_10, R_wst_mean_16, R_wst_std_0, R_wst_std_45, G_wst_std_0, G_wst_std_45, B_wst_mean_0, B_wst_mean_5, B_wst_mean_6, B_wst_mean_53, B_wst_std_0, B_wst_std_49;R_wst_mean_1, R_wst_mean_5, R_wst_std_0, G_wst_std_0, B_wst_mean_0, B_wst_mean_3, B_wst_mean_5, B_wst_mean_17, B_wst_mean_34, B_wst_mean_36, B_wst_mean_42, B_wst_mean_43, B_wst_mean_47, B_wst_mean_50, B_wst_mean_51, B_wst_mean_53, B_wst_std_3, B_wst_std_4, B_wst_std_5, B_wst_std_53"
saltpepper25,original,2,advanced_stats,0.802174,0.083745,"B_cv, B_p50"
saltpepper25,original,2,advanced_stats,0.716667,0.080795,"B_mean, B_cv"
saltpepper25,original,2,advanced_stats,0.933333,0.056519,"R_cv, B_p50"
saltpepper25,original,2,hybrid,0.870652,0.055039,"B_cv, R_wst_std_0"
saltpepper25,original,2,hybrid,0.983333,0.020412,"B_mean, R_wst_std_0"
saltpepper25,original,2,hybrid,0.933333,0.056519,"R_cv, B_p50"
saltpepper25,original,2,wst,0.836232,0.063768,"R_wst_std_0, B_wst_mean_0"
saltpepper25,original,2,wst,0.975,0.033333,"R_wst_std_0, B_wst_mean_0"
saltpepper25,original,2,wst,0.883667,0.041438,"R_wst_mean_0, B_wst_mean_0"
saltpepper25,original,5,advanced_stats,0.982609,0.034783,"R_skew, R_cv, R_iqr, B_cv, B_p50"
saltpepper25,original,5,advanced_stats,0.833333,0.037268,"B_mean, B_skew, B_kurt, B_cv, B_p50"
saltpepper25,original,5,advanced_stats,0.941667,0.042492,"R_cv, B_mean, B_skew, B_cv, B_p50"
saltpepper25,original,5,hybrid,0.973913,0.052174,"R_skew, R_p75, B_cv, B_p50, R_wst_std_0"
saltpepper25,original,5,hybrid,0.983333,0.020412,"B_mean, B_cv, R_wst_std_0, G_wst_std_0, B_wst_mean_0"
saltpepper25,original,5,hybrid,0.941667,0.042492,"R_cv, B_mean, B_skew, B_cv, B_p50"
saltpepper25,original,5,wst,0.870652,0.055039,"R_wst_mean_0, R_wst_std_0, G_wst_mean_0, G_wst_std_0, B_wst_mean_0"
saltpepper25,original,5,wst,0.991667,0.016667,"R_wst_std_0, G_wst_std_0, B_wst_mean_0, B_wst_mean_8, B_wst_std_0"
saltpepper25,original,5,wst,0.941667,0.033333,"R_wst_mean_0, R_wst_std_0, G_wst_std_0, B_wst_mean_0, B_wst_std_0"
saltpepper25,original,10,advanced_stats,0.973913,0.052174,"R_skew, R_cv, R_p50, R_p75, R_iqr, G_mean, G_p50, B_skew, B_cv, B_p50"
saltpepper25,original,10,advanced_stats,0.891667,0.05,"B_mean, B_std, B_var, B_skew, B_kurt, B_cv, B_p50, B_p75, B_iqr, B_mad"
saltpepper25,original,10,advanced_stats,0.925,0.066667,"R_mean, R_skew, R_cv, R_p50, G_cv, G_p50, B_mean, B_skew, B_cv, B_p50"
saltpepper25,original,10,hybrid,0.973913,0.052174,"R_skew, R_cv, R_p75, R_iqr, B_cv, B_p50, R_wst_mean_0, R_wst_std_0, G_wst_std_0, B_wst_mean_0"
saltpepper25,original,10,hybrid,0.991667,0.016667,"B_mean, B_std, B_var, B_skew, B_kurt, B_cv, B_p50, R_wst_std_0, G_wst_std_0, B_wst_mean_0"
saltpepper25,original,10,hybrid,0.925,0.066667,"R_mean, R_skew, R_cv, R_p50, B_mean, B_skew, B_cv, B_p50, R_wst_mean_0, B_wst_mean_0"
saltpepper25,original,10,wst,0.870652,0.047678,"R_wst_mean_0, R_wst_std_0, G_wst_mean_0, G_wst_mean_1, G_wst_mean_2, G_wst_mean_3, G_wst_std_0, B_wst_mean_0, B_wst_std_0, B_wst_std_6"
saltpepper25,original,10,wst,0.991667,0.016667,"R_wst_std_0, G_wst_std_0, B_wst_mean_0, B_wst_mean_5, B_wst_mean_6, B_wst_mean_8, B_wst_mean_19, B_wst_mean_33, B_wst_mean_62, B_wst_std_0"
saltpepper25,original,10,wst,0.925,0.040825,"R_wst_mean_0, R_wst_mean_2, R_wst_mean_5, R_wst_mean_7, R_wst_std_0, G_wst_mean_0, G_wst_std_0, B_wst_mean_0, B_wst_mean_6, B_wst_std_0"
saltpepper25,original,20,advanced_stats,0.973913,0.052174,"R_mean, R_skew, R_kurt, R_cv, R_p50, R_p75, R_iqr, G_mean, G_skew, G_kurt, G_cv, G_p50, G_p75, G_iqr, G_grad_mean, B_mean, B_skew, B_kurt, B_cv, B_p50"
saltpepper25,original,20,advanced_stats,0.966667,0.048591,"R_kurt, R_cv, R_p75, R_iqr, R_mad, G_std, G_var, G_p75, G_iqr, G_mad, B_mean, B_std, B_var, B_skew, B_kurt, B_cv, B_p50, B_p75, B_iqr, B_mad"
saltpepper25,original,20,advanced_stats,0.917,0.059165,"R_mean, R_skew, R_cv, R_p50, R_iqr, R_grad_mean, G_mean, G_skew, G_kurt, G_cv, G_p50, B_mean, B_skew, B_kurt, B_cv, B_p50, B_p75, B_iqr, B_mad, B_grad_mean"
saltpepper25,original,20,hybrid,0.982609,0.034783,"R_mean, R_skew, R_kurt, R_cv, R_p50, R_p75, R_iqr, G_mean, G_skew, G_cv, G_p50, B_mean, B_skew, B_cv, B_p50, R_wst_mean_0, R_wst_std_0, G_wst_mean_0, G_wst_std_0, B_wst_mean_0"
saltpepper25,original,20,hybrid,0.983333,0.020412,"R_mad, G_mad, B_mean, B_std, B_var, B_skew, B_kurt, B_cv, B_p50, B_p75, B_iqr, B_mad, R_wst_std_0, G_wst_std_0, B_wst_mean_0, B_wst_mean_5, B_wst_mean_6, B_wst_mean_8, B_wst_mean_62, B_wst_std_0"
saltpepper25,original,20,hybrid,0.933333,0.056519,"R_mean, R_skew, R_cv, R_p50, G_skew, G_kurt, G_cv, G_p50, B_mean, B_skew, B_kurt, B_cv, B_p50, B_p75, B_iqr, R_wst_mean_0, R_wst_std_0, G_wst_std_0, B_wst_mean_0, B_wst_std_0"
saltpepper25,original,20,wst,0.888043,0.034304,"R_wst_mean_0, R_wst_mean_1, R_wst_std_0, G_wst_mean_0, G_wst_mean_1, G_wst_mean_2, G_wst_mean_3, G_wst_mean_4, G_wst_mean_5, G_wst_mean_6, G_wst_mean_7, G_wst_mean_8, G_wst_std_0, B_wst_mean_0, B_wst_mean_69, B_wst_mean_70, B_wst_std_0, B_wst_std_6, B_wst_std_7, B_wst_std_53"
saltpepper25,original,20,wst,0.975,0.020412,"R_wst_std_0, G_wst_std_0, B_wst_mean_0, B_wst_mean_5, B_wst_mean_6, B_wst_mean_7, B_wst_mean_8, B_wst_mean_19, B_wst_mean_20, B_wst_mean_24, B_wst_mean_33, B_wst_mean_49, B_wst_mean_55, B_wst_mean_56, B_wst_mean_57, B_wst_mean_62, B_wst_mean_67, B_wst_std_0, B_wst_std_1, B_wst_std_7"
saltpepper25,original,20,wst,0.941667,0.033333,"R_wst_mean_0, R_wst_mean_1, R_wst_mean_2, R_wst_mean_3, R_wst_mean_4, R_wst_mean_5, R_wst_mean_6, R_wst_mean_7, R_wst_mean_8, R_wst_std_0, G_wst_mean_0, G_wst_std_0, B_wst_mean_0, B_wst_mean_1, B_wst_mean_3, B_wst_mean_4, B_wst_mean_5, B_wst_mean_6, B_wst_mean_8, B_wst_std_0"
saltpepper25,small,2,advanced_stats,0.866667,0.10505,"G_p50, B_p50;B_skew, B_cv;R_mad, B_kurt"
saltpepper25,small,2,hybrid,0.837037,0.118572,"R_wst_std_0, G_wst_std_0;B_skew, B_cv;R_wst_std_0, G_wst_std_0"
saltpepper25,small,2,wst,0.859259,0.123994,"R_wst_std_0, G_wst_std_0;G_wst_std_0, B_wst_mean_0;R_wst_std_0, G_wst_std_0"
saltpepper25,small,5,advanced_stats,0.881481,0.099107,"R_skew, R_iqr, G_p50, B_skew, B_p50;R_skew, B_mean, B_skew, B_cv, B_p50;R_mad, B_skew, B_kurt, B_p75, B_iqr"
saltpepper25,small,5,hybrid,0.888889,0.109809,"R_p75, R_iqr, G_p50, R_wst_std_0, G_wst_std_0;R_p50, B_mean, B_skew, B_cv, B_wst_mean_0;R_mad, B_kurt, B_p75, R_wst_std_0, G_wst_std_0"
saltpepper25,small,5,wst,0.896296,0.090473,"R_wst_mean_0, R_wst_std_0, G_wst_mean_0, G_wst_std_0, B_wst_mean_0;R_wst_mean_0, R_wst_std_0, G_wst_mean_0, G_wst_std_0, B_wst_mean_0;R_wst_std_0, G_wst_std_0, B_wst_mean_0, B_wst_mean_4, B_wst_mean_8"
saltpepper25,small,10,advanced_stats,0.903704,0.085545,"R_skew, R_p75, R_iqr, G_skew, G_cv, G_p50, B_mean, B_skew, B_cv, B_p50;R_mean, R_skew, R_cv, R_p50, G_skew, G_p50, B_mean, B_skew, B_cv, B_p50;R_std, R_var, R_mad, B_mean, B_skew, B_kurt, B_p50, B_p75, B_iqr, B_mad"
saltpepper25,small,10,hybrid,0.888889,0.102905,"R_skew, R_p75, R_iqr, G_p50, B_skew, B_cv, B_p50, R_wst_std_0, G_wst_mean_0, G_wst_std_0;R_skew, R_cv, R_p50, G_p50, B_mean, B_skew, B_cv, B_p50, G_wst_std_0, B_wst_mean_0;R_mad, B_skew, B_kurt, B_p50, B_p75, B_iqr, R_wst_std_0, G_wst_std_0, B_wst_mean_0, B_wst_mean_8"
saltpepper25,small,10,wst,0.903704,0.085723,"R_wst_mean_0, R_wst_std_0, G_wst_mean_0, G_wst_mean_2, G_wst_mean_5, G_wst_std_0, B_wst_mean_0, B_wst_mean_23, B_wst_std_0, B_wst_std_59;R_wst_mean_0, R_wst_mean_1, R_wst_mean_6, R_wst_mean_8, R_wst_std_0, G_wst_mean_0, G_wst_std_0, B_wst_mean_0, B_wst_mean_1, B_wst_std_0;R_wst_std_0, G_wst_std_0, B_wst_mean_0, B_wst_mean_4, B_wst_mean_8, B_wst_mean_49, B_wst_mean_55, B_wst_mean_56, B_wst_mean_61, B_wst_std_0"
saltpepper25,small,20,advanced_stats,0.918519,0.07073,"R_mean, R_skew, R_kurt, R_cv, R_p50, R_p75, R_iqr, G_mean, G_skew, G_cv, G_p50, G_p75, G_iqr, G_grad_mean, B_mean, B_skew, B_kurt, B_cv, B_p50, B_iqr;R_mean, R_skew, R_cv, R_p50, R_p75, R_iqr, R_grad_mean, G_mean, G_skew, G_kurt, G_cv, G_p50, B_mean, B_skew, B_kurt, B_cv, B_p50, B_p75, B_iqr, B_grad_mean;R_std, R_var, R_cv, R_p75, R_iqr, R_mad, R_grad_mean, G_std, G_var, G_mad, B_mean, B_std, B_var, B_skew, B_kurt, B_cv, B_p50, B_p75, B_iqr, B_mad"
saltpepper25,small,20,hybrid,0.903704,0.062589,"R_mean, R_skew, R_kurt, R_cv, R_p50, R_p75, R_iqr, G_mean, G_skew, G_cv, G_p50, B_mean, B_skew, B_cv, B_p50, R_wst_mean_0, R_wst_std_0, G_wst_mean_0, G_wst_std_0, B_wst_mean_0;R_mean, R_skew, R_cv, R_p50, G_mean, G_skew, G_kurt, G_cv, G_p50, B_mean, B_skew, B_kurt, B_cv, B_p50, B_grad_mean, R_wst_mean_0, R_wst_std_0, G_wst_mean_0, G_wst_std_0, B_wst_mean_0;R_std, R_var, R_mad, G_mad, B_mean, B_std, B_var, B_skew, B_kurt, B_cv, B_p50, B_p75, B_iqr, B_mad, R_wst_std_0, G_wst_std_0, B_wst_mean_0, B_wst_mean_4, B_wst_mean_8, B_wst_mean_61"
saltpepper25,small,20,wst,0.866667,0.096909,"R_wst_mean_0, R_wst_mean_22, R_wst_std_0, G_wst_mean_0, G_wst_mean_2, G_wst_mean_5, G_wst_mean_7, G_wst_mean_8, G_wst_std_0, B_wst_mean_0, B_wst_mean_17, B_wst_mean_21, B_wst_mean_22, B_wst_mean_23, B_wst_mean_51, B_wst_mean_73, B_wst_std_0, B_wst_std_1, B_wst_std_29, B_wst_std_59;R_wst_mean_0, R_wst_mean_1, R_wst_mean_2, R_wst_mean_4, R_wst_mean_5, R_wst_mean_6, R_wst_mean_7, R_wst_mean_8, R_wst_mean_16, R_wst_std_0, R_wst_std_16, G_wst_mean_0, G_wst_mean_8, G_wst_mean_77, G_wst_std_0, B_wst_mean_0, B_wst_mean_1, B_wst_mean_8, B_wst_mean_49, B_wst_std_0;R_wst_std_0, G_wst_mean_1, G_wst_std_0, B_wst_mean_0, B_wst_mean_4, B_wst_mean_6, B_wst_mean_7, B_wst_mean_8, B_wst_mean_33, B_wst_mean_35, B_wst_mean_49, B_wst_mean_52, B_wst_mean_55, B_wst_mean_56, B_wst_mean_60, B_wst_mean_61, B_wst_mean_65, B_wst_mean_77, B_wst_std_0, B_wst_std_43"
saltpepper5,mini,2,advanced_stats,0.977778,0.044444,"R_iqr, G_iqr;R_mad, B_p10;R_grad_mean, B_grad_mean"
saltpepper5,mini,2,hybrid,0.977778,0.044444,"G_iqr, G_mad;R_iqr, B_p25;R_grad_mean, G_grad_mean"
saltpepper5,mini,2,wst,0.888889,0.108866,"B_wst_mean_0, B_wst_mean_11;R_wst_mean_0, B_wst_mean_0;R_wst_std_0, G_wst_mean_11"
saltpepper5,mini,5,advanced_stats,0.911111,0.098878,"R_iqr, R_mad, G_iqr, G_mad, B_p10;R_skew, R_iqr, B_p10, B_p25, B_p50;R_mad, R_grad_mean, G_grad_mean, B_iqr, B_grad_mean"
saltpepper5,mini,5,hybrid,0.911111,0.098878,"R_iqr, R_mad, G_iqr, G_mad, B_grad_mean;R_p10, R_iqr, B_skew, B_p10, B_p25;R_mad, R_grad_mean, G_grad_mean, B_grad_mean, R_wst_std_0"
saltpepper5,mini,5,wst,0.911111,0.083148,"R_wst_mean_11, B_wst_mean_0, B_wst_mean_11, B_wst_mean_36, B_wst_mean_52;R_wst_mean_0, R_wst_std_0, G_wst_std_0, B_wst_mean_0, B_wst_mean_62;R_wst_std_0, G_wst_mean_11, G_wst_mean_13, B_wst_std_0, B_wst_std_60"
saltpepper5,mini,10,advanced_stats,0.911111,0.098878,"R_p10, R_iqr, R_mad, R_grad_mean, G_p10, G_iqr, G_mad, G_grad_mean, B_cv, B_p10;R_skew, R_p10, R_iqr, R_mad, G_p10, G_mad, B_mean, B_skew, B_p10, B_p25;R_std, R_var, R_kurt, R_iqr, R_mad, R_grad_mean, R_edge_density, G_grad_mean, B_iqr, B_grad_mean"
saltpepper5,mini,10,hybrid,0.888889,0.108866,"R_p10, R_iqr, R_mad, R_grad_mean, G_p10, G_iqr, G_mad, B_p10, B_grad_mean, B_wst_mean_36;R_skew, R_p10, R_iqr, R_mad, G_mad, B_mean, B_skew, B_p10, B_p25, B_wst_mean_0;R_var, R_mad, R_grad_mean, G_grad_mean, B_grad_mean, R_wst_std_0, G_wst_mean_11, G_wst_mean_12, G_wst_mean_13, B_wst_std_60"
saltpepper5,mini,10,wst,0.888889,0.143322,"R_wst_mean_11, B_wst_mean_0, B_wst_mean_11, B_wst_mean_36, B_wst_mean_37, B_wst_mean_40, B_wst_mean_47, B_wst_mean_48, B_wst_mean_58, B_wst_mean_69;R_wst_mean_0, R_wst_mean_12, R_wst_std_0, G_wst_std_0, B_wst_mean_0, B_wst_mean_14, B_wst_mean_33, B_wst_mean_62, B_wst_mean_78, B_wst_std_4;R_wst_mean_11, R_wst_mean_12, R_wst_std_0, G_wst_mean_11, G_wst_mean_13, B_wst_mean_76, B_wst_mean_77, B_wst_std_0, B_wst_std_31, B_wst_std_60"
saltpepper5,mini,20,advanced_stats,0.844444,0.163299,"R_var, R_skew, R_p10, R_iqr, R_mad, R_grad_mean, G_kurt, G_p10, G_p25, G_iqr, G_mad, G_grad_mean, B_mean, B_skew, B_cv, B_p10, B_p25, B_p50, B_mad, B_grad_mean;R_mean, R_skew, R_kurt, R_cv, R_p10, R_p25, R_p75, R_iqr, R_mad, G_kurt, G_p10, G_iqr, G_mad, B_mean, B_skew, B_cv, B_p10, B_p25, B_p50, B_iqr;R_std, R_var, R_kurt, R_iqr, R_mad, R_grad_mean, R_edge_density, G_std, G_var, G_iqr, G_mad, G_grad_mean, B_skew, B_kurt, B_p50, B_p75, B_p90, B_iqr, B_mad, B_grad_mean"
saltpepper5,mini,20,hybrid,0.866667,0.172037,"R_p10, R_iqr, R_mad, R_grad_mean, G_p10, G_iqr, G_mad, G_grad_mean, B_mean, B_skew, B_cv, B_p10, B_p25, B_grad_mean, R_wst_mean_11, B_wst_mean_11, B_wst_mean_36, B_wst_mean_48, B_wst_mean_52, B_wst_mean_69;R_mean, R_skew, R_p10, R_p25, R_p75, R_iqr, R_mad, G_kurt, G_p10, G_iqr, G_mad, B_mean, B_skew, B_cv, B_p10, B_p25, B_p50, R_wst_mean_0, G_wst_std_0, B_wst_mean_0;R_std, R_var, R_iqr, R_mad, R_grad_mean, G_grad_mean, B_iqr, B_grad_mean, R_wst_mean_12, R_wst_std_0, G_wst_mean_10, G_wst_mean_11, G_wst_mean_12, G_wst_mean_13, G_wst_mean_14, G_wst_mean_16, B_wst_std_0, B_wst_std_4, B_wst_std_31, B_wst_std_60"
saltpepper5,mini,20,wst,0.755556,0.220729,"R_wst_mean_10, R_wst_mean_11, B_wst_mean_0, B_wst_mean_10, B_wst_mean_11, B_wst_mean_27, B_wst_mean_31, B_wst_mean_36, B_wst_mean_37, B_wst_mean_40, B_wst_mean_47, B_wst_mean_48, B_wst_mean_52, B_wst_mean_56, B_wst_mean_58, B_wst_mean_64, B_wst_mean_67, B_wst_mean_69, B_wst_mean_72, B_wst_std_36;R_wst_mean_0, R_wst_mean_12, R_wst_mean_13, R_wst_mean_14, R_wst_mean_16, R_wst_std_0, G_wst_mean_68, G_wst_std_0, B_wst_mean_0, B_wst_mean_13, B_wst_mean_14, B_wst_mean_33, B_wst_mean_38, B_wst_mean_49, B_wst_mean_62, B_wst_mean_78, B_wst_std_0, B_wst_std_7, B_wst_std_33, B_wst_std_34;R_wst_mean_11, R_wst_mean_12, R_wst_mean_13, R_wst_std_0, G_wst_mean_11, G_wst_mean_12, G_wst_mean_13, G_wst_mean_14, G_wst_mean_16, B_wst_mean_32, B_wst_mean_33, B_wst_mean_47, B_wst_mean_76, B_wst_mean_77, B_wst_std_0, B_wst_std_1, B_wst_std_4, B_wst_std_5, B_wst_std_31, B_wst_std_60"
saltpepper5,original,2,advanced_stats,0.991304,0.017391,"G_iqr, G_mad"
saltpepper5,original,2,advanced_stats,0.908333,0.040825,"R_iqr, R_mad"
saltpepper5,original,2,advanced_stats,1.0,0.0,"G_iqr, G_mad"
saltpepper5,original,2,hybrid,0.991304,0.017391,"G_iqr, G_mad"
saltpepper5,original,2,hybrid,0.875,0.037268,"R_mad, R_wst_std_0"
saltpepper5,original,2,hybrid,1.0,0.0,"G_iqr, G_mad"
saltpepper5,original,2,wst,0.887681,0.044787,"R_wst_std_0, G_wst_std_0"
saltpepper5,original,2,wst,0.9,0.062361,"R_wst_std_0, G_wst_std_0"
saltpepper5,original,2,wst,0.892,0.06272,"R_wst_std_0, G_wst_std_0"
saltpepper5,original,5,advanced_stats,1.0,0.0,"R_iqr, R_mad, G_p10, G_iqr, G_mad"
saltpepper5,original,5,advanced_stats,0.983333,0.020412,"R_iqr, R_mad, G_mad, G_grad_mean, B_p25"
saltpepper5,original,5,advanced_stats,1.0,0.0,"R_iqr, R_mad, G_iqr, G_mad, B_p10"
saltpepper5,original,5,hybrid,1.0,0.0,"R_iqr, R_mad, G_p10, G_iqr, G_mad"
saltpepper5,original,5,hybrid,0.933333,0.042492,"R_iqr, R_mad, G_grad_mean, R_wst_std_0, G_wst_std_0"
saltpepper5,original,5,hybrid,1.0,0.0,"R_iqr, R_mad, G_iqr, G_mad, B_p10"
saltpepper5,original,5,wst,0.896377,0.035173,"R_wst_std_0, G_wst_std_0, B_wst_mean_10, B_wst_mean_11, B_wst_mean_12"
saltpepper5,original,5,wst,0.983333,0.020412,"R_wst_std_0, G_wst_std_0, B_wst_mean_0, B_wst_mean_23, B_wst_std_8"
saltpepper5,original,5,wst,0.95,0.061237,"R_wst_mean_0, R_wst_std_0, G_wst_std_0, B_wst_mean_0, B_wst_std_0"
saltpepper5,original,10,advanced_stats,0.991304,0.017391,"R_p10, R_iqr, R_mad, R_grad_mean, G_kurt, G_p10, G_iqr, G_mad, B_p10, B_grad_mean"
saltpepper5,original,10,advanced_stats,0.991667,0.016667,"R_iqr, R_mad, R_grad_mean, G_iqr, G_mad, G_grad_mean, B_mean, B_skew, B_p25, B_p50"
saltpepper5,original,10,advanced_stats,1.0,0.0,"R_p10, R_p25, R_iqr, R_mad, G_iqr, G_mad, B_cv, B_p10, B_p25, B_mad"
saltpepper5,original,10,hybrid,0.991304,0.017391,"R_p10, R_iqr, R_mad, R_grad_mean, G_p10, G_iqr, G_mad, B_p10, B_grad_mean, R_wst_std_0"
saltpepper5,original,10,hybrid,0.991667,0.016667,"R_iqr, R_mad, R_grad_mean, G_mad, G_grad_mean, B_mean, B_p25, R_wst_std_0, G_wst_std_0, B_wst_mean_23"
saltpepper5,original,10,hybrid,1.0,0.0,"R_p10, R_p25, R_iqr, R_mad, G_p10, G_iqr, G_mad, B_cv, B_p10, B_p25"
saltpepper5,original,10,wst,0.887681,0.044787,"R_wst_mean_10, R_wst_mean_11, R_wst_std_0, G_wst_std_0, B_wst_mean_9, B_wst_mean_10, B_wst_mean_11, B_wst_mean_12, B_wst_mean_13, B_wst_mean_14"
saltpepper5,original,10,wst,0.983333,0.020412,"R_wst_std_0, G_wst_std_0, B_wst_mean_0, B_wst_mean_23, B_wst_mean_32, B_wst_mean_38, B_wst_mean_42, B_wst_mean_63, B_wst_mean_72, B_wst_std_8"
saltpepper5,original,10,wst,0.966667,0.040825,"R_wst_mean_0, R_wst_mean_9, R_wst_mean_15, R_wst_std_0, G_wst_mean_9, G_wst_mean_15, G_wst_std_0, B_wst_mean_0, B_wst_mean_9, B_wst_std_0"
saltpepper5,original,20,advanced_stats,0.982609,0.0213,"R_std, R_var, R_p10, R_iqr, R_mad, R_grad_mean, G_std, G_var, G_kurt, G_cv, G_p10, G_p25, G_iqr, G_mad, G_grad_mean, B_cv, B_p10, B_p25, B_mad, B_grad_mean"
saltpepper5,original,20,advanced_stats,0.983333,0.020412,"R_std, R_var, R_iqr, R_mad, R_grad_mean, G_kurt, G_iqr, G_mad, G_grad_mean, B_mean, B_skew, B_kurt, B_cv, B_p10, B_p25, B_p50, B_p90, B_iqr, B_mad, B_grad_mean"
saltpepper5,original,20,advanced_stats,1.0,0.0,"R_mean, R_skew, R_kurt, R_cv, R_p10, R_p25, R_iqr, R_mad, G_kurt, G_p10, G_iqr, G_mad, B_mean, B_skew, B_cv, B_p10, B_p25, B_p50, B_iqr, B_mad"
saltpepper5,original,20,hybrid,0.982609,0.0213,"R_std, R_var, R_p10, R_iqr, R_mad, R_grad_mean, G_std, G_var, G_kurt, G_cv, G_p10, G_p25, G_iqr, G_mad, B_cv, B_p10, B_mad, B_grad_mean, R_wst_std_0, G_wst_std_0"
saltpepper5,original,20,hybrid,0.983333,0.020412,"R_iqr, R_mad, R_grad_mean, G_iqr, G_mad, G_grad_mean, B_mean, B_skew, B_p25, B_p50, B_iqr, B_mad, B_grad_mean, R_wst_std_0, G_wst_std_0, B_wst_mean_0, B_wst_mean_23, B_wst_mean_32, B_wst_mean_63, B_wst_std_8"
saltpepper5,original,20,hybrid,1.0,0.0,"R_skew, R_kurt, R_cv, R_p10, R_p25, R_iqr, R_mad, G_p10, G_iqr, G_mad, B_mean, B_skew, B_cv, B_p10, B_p25, B_iqr, B_mad, R_wst_std_0, G_wst_std_0, B_wst_mean_0"
saltpepper5,original,20,wst,0.896377,0.044646,"R_wst_mean_0, R_wst_mean_9, R_wst_mean_10, R_wst_mean_11, R_wst_mean_12, R_wst_mean_14, R_wst_mean_16, R_wst_std_0, G_wst_mean_0, G_wst_std_0, B_wst_mean_0, B_wst_mean_9, B_wst_mean_10, B_wst_mean_11, B_wst_mean_12, B_wst_mean_13, B_wst_mean_14, B_wst_mean_15, B_wst_mean_16, B_wst_std_0"
saltpepper5,original,20,wst,0.983333,0.020412,"R_wst_std_0, G_wst_std_0, B_wst_mean_0, B_wst_mean_18, B_wst_mean_23, B_wst_mean_24, B_wst_mean_32, B_wst_mean_38, B_wst_mean_42, B_wst_mean_45, B_wst_mean_46, B_wst_mean_50, B_wst_mean_63, B_wst_mean_64, B_wst_mean_67, B_wst_mean_72, B_wst_mean_79, B_wst_std_2, B_wst_std_8, B_wst_std_22"
saltpepper5,original,20,wst,0.966667,0.016667,"R_wst_mean_0, R_wst_mean_9, R_wst_mean_10, R_wst_mean_15, R_wst_mean_16, R_wst_mean_80, R_wst_std_0, G_wst_mean_0, G_wst_mean_9, G_wst_mean_10, G_wst_mean_15, G_wst_mean_16, G_wst_std_0, B_wst_mean_0, B_wst_mean_9, B_wst_mean_16, B_wst_mean_35, B_wst_mean_51, B_wst_std_0, B_wst_std_6"
saltpepper5,small,2,advanced_stats,0.955556,0.036289,"R_mad, G_mad;R_mad, G_mad;R_mad, R_grad_mean"
saltpepper5,small,2,hybrid,0.962963,0.040572,"R_mad, G_mad;R_mad, G_mad;R_mad, R_wst_std_0"
saltpepper5,small,2,wst,0.888889,0.083103,"R_wst_std_0, G_wst_std_0;R_wst_std_0, G_wst_std_0;R_wst_std_0, G_wst_mean_13"
saltpepper5,small,5,advanced_stats,0.97037,0.027716,"R_iqr, R_mad, G_p10, G_iqr, G_mad;R_iqr, R_mad, G_iqr, G_mad, B_p10;R_mad, R_grad_mean, G_std, G_var, G_grad_mean"
saltpepper5,small,5,hybrid,0.97037,0.027716,"R_iqr, R_mad, G_p10, G_iqr, G_mad;R_iqr, R_mad, G_iqr, G_mad, B_p10;R_mad, R_grad_mean, G_std, G_var, R_wst_std_0"
saltpepper5,small,5,wst,0.911111,0.064005,"R_wst_std_0, G_wst_std_0, B_wst_mean_10, B_wst_mean_12, B_wst_mean_13;R_wst_mean_0, R_wst_std_0, G_wst_std_0, B_wst_mean_0, B_wst_std_0;R_wst_std_0, G_wst_mean_11, G_wst_mean_13, G_wst_std_0, B_wst_mean_31"
saltpepper5,small,10,advanced_stats,0.962963,0.023424,"R_p10, R_iqr, R_mad, G_kurt, G_cv, G_p10, G_iqr, G_mad, B_cv, B_p10;R_kurt, R_p10, R_iqr, R_mad, G_iqr, G_mad, B_p10, B_p25, B_iqr, B_mad;R_iqr, R_mad, R_grad_mean, G_std, G_var, G_iqr, G_mad, G_grad_mean, B_kurt, B_mad"
saltpepper5,small,10,hybrid,0.962963,0.040572,"R_p10, R_iqr, R_mad, G_kurt, G_cv, G_p10, G_iqr, G_mad, B_cv, B_p10;R_p10, R_iqr, R_mad, G_iqr, G_mad, B_p10, B_iqr, B_mad, R_wst_std_0, G_wst_std_0;R_iqr, R_mad, R_grad_mean, G_std, G_var, G_mad, G_grad_mean, B_kurt, B_mad, R_wst_std_0"
saltpepper5,small,10,wst,0.940741,0.059259,"R_wst_mean_0, R_wst_mean_12, R_wst_std_0, G_wst_std_0, B_wst_mean_10, B_wst_mean_11, B_wst_mean_12, B_wst_mean_13, B_wst_mean_14, B_wst_mean_15;R_wst_mean_0, R_wst_mean_10, R_wst_std_0, G_wst_mean_10, G_wst_mean_11, G_wst_std_0, B_wst_mean_0, B_wst_mean_11, B_wst_mean_12, B_wst_std_0;R_wst_std_0, G_wst_mean_11, G_wst_mean_13, G_wst_mean_14, G_wst_std_0, B_wst_mean_31, B_wst_mean_40, B_wst_mean_42, B_wst_mean_70, B_wst_std_7"
saltpepper5,small,20,advanced_stats,0.992593,0.014815,"R_mean, R_std, R_var, R_p10, R_p75, R_iqr, R_mad, R_grad_mean, G_skew, G_kurt, G_cv, G_p10, G_p25, G_iqr, G_mad, B_cv, B_p10, B_p25, B_mad, B_grad_mean;R_skew, R_kurt, R_cv, R_p10, R_p25, R_iqr, R_mad, R_grad_mean, G_std, G_var, G_p10, G_iqr, G_mad, G_grad_mean, B_skew, B_cv, B_p10, B_p25, B_iqr, B_mad;R_std, R_var, R_kurt, R_iqr, R_mad, R_grad_mean, G_std, G_var, G_kurt, G_iqr, G_mad, G_grad_mean, B_mean, B_skew, B_kurt, B_p25, B_p90, B_iqr, B_mad, B_grad_mean"
saltpepper5,small,20,hybrid,0.985185,0.02963,"R_p10, R_iqr, R_mad, R_grad_mean, G_skew, G_kurt, G_cv, G_p10, G_p25, G_iqr, G_mad, B_cv, B_p10, B_p25, B_mad, B_grad_mean, R_wst_std_0, G_wst_std_0, B_wst_mean_10, B_wst_mean_12;R_kurt, R_cv, R_p10, R_p25, R_iqr, R_mad, R_grad_mean, G_p10, G_iqr, G_mad, G_grad_mean, B_skew, B_cv, B_p10, B_p25, B_iqr, B_mad, R_wst_std_0, G_wst_std_0, B_wst_std_0;R_iqr, R_mad, R_grad_mean, G_std, G_var, G_iqr, G_mad, G_grad_mean, B_skew, B_kurt, B_iqr, B_mad, B_grad_mean, R_wst_std_0, G_wst_mean_11, G_wst_mean_13, G_wst_std_0, B_wst_mean_31, B_wst_mean_42, B_wst_mean_70"
saltpepper5,small,20,wst,0.933333,0.032959,"R_wst_mean_0, R_wst_mean_9, R_wst_mean_10, R_wst_mean_11, R_wst_mean_12, R_wst_mean_13, R_wst_std_0, G_wst_mean_0, G_wst_mean_12, G_wst_std_0, B_wst_mean_0, B_wst_mean_9, B_wst_mean_10, B_wst_mean_11, B_wst_mean_12, B_wst_mean_13, B_wst_mean_14, B_wst_mean_15, B_wst_mean_66, B_wst_std_65;R_wst_mean_0, R_wst_mean_9, R_wst_mean_10, R_wst_mean_12, R_wst_mean_15, R_wst_std_0, G_wst_mean_0, G_wst_mean_9, G_wst_mean_10, G_wst_mean_11, G_wst_mean_12, G_wst_mean_15, G_wst_mean_16, G_wst_std_0, B_wst_mean_0, B_wst_mean_10, B_wst_mean_11, B_wst_mean_12, B_wst_mean_13, B_wst_std_0;R_wst_mean_9, R_wst_mean_16, R_wst_std_0, G_wst_mean_11, G_wst_mean_13, G_wst_mean_14, G_wst_std_0, B_wst_mean_29, B_wst_mean_31, B_wst_mean_36, B_wst_mean_40, B_wst_mean_42, B_wst_mean_46, B_wst_mean_64, B_wst_mean_70, B_wst_std_2, B_wst_std_3, B_wst_std_7, B_wst_std_33, B_wst_std_53"
